GROUP,PACKAGE,CLASS,INSTRUCTION_MISSED,INSTRUCTION_COVERED,BRANCH_MISSED,BRANCH_COVERED,LINE_MISSED,LINE_COVERED,COMPLEXITY_MISSED,COMPLEXITY_COVERED,METHOD_MISSED,METHOD_COVERED
pamahe-backend,uy.edu.ctc.pamahe.modules.taller.mapper,RefaccionMapper,0,68,0,4,0,23,0,3,0,1
pamahe-backend,uy.edu.ctc.pamahe.modules.parametros.model,Parametro,0,31,0,0,0,13,0,9,0,9
pamahe-backend,uy.edu.ctc.pamahe.common.util,SecurityUtils,7,57,4,8,2,14,4,8,0,6
pamahe-backend,uy.edu.ctc.pamahe.common.util,PdfService.ComprobanteResource,0,9,0,0,0,1,0,1,0,1
pamahe-backend,uy.edu.ctc.pamahe.common.util,PdfService.new TransactionSynchronization() {...},18,0,2,0,4,0,3,0,2,0
pamahe-backend,uy.edu.ctc.pamahe.common.util,PdfService,320,7,29,0,81,2,24,2,9,2
pamahe-backend,uy.edu.ctc.pamahe.modules.parametros.service,ParametroService,2,242,1,9,1,50,1,17,0,13
pamahe-backend,uy.edu.ctc.pamahe.modules.ventas.controller,VentaController,28,54,0,0,6,14,4,4,4,4
pamahe-backend,uy.edu.ctc.pamahe.security.config,Securityconfig,0,660,0,0,0,73,0,11,0,11
pamahe-backend,uy.edu.ctc.pamahe.security.config,MonitoringAccess,5,61,5,15,1,9,5,7,0,2
pamahe-backend,uy.edu.ctc.pamahe.modules.exportaciones.controller,ExportacionController,21,67,0,0,3,14,3,5,3,5
pamahe-backend,uy.edu.ctc.pamahe.modules.compras.model,Compra,0,52,0,0,0,22,0,15,0,15
pamahe-backend,uy.edu.ctc.pamahe.common.filter,CorrelationIdFilter,0,40,0,6,0,9,0,6,0,3
pamahe-backend,uy.edu.ctc.pamahe.common.filter,HttpsEnforcementFilter,0,75,3,15,0,18,3,10,0,4
pamahe-backend,uy.edu.ctc.pamahe.common.filter,VentaPerformanceFilter,60,0,6,0,12,0,7,0,4,0
pamahe-backend,uy.edu.ctc.pamahe.modules.ventas.mapper,VentaMapper,0,122,0,4,0,43,0,7,0,5
pamahe-backend,uy.edu.ctc.pamahe.modules.taller.dto.request,RefaccionRequest,0,42,0,0,0,1,0,1,0,1
pamahe-backend,uy.edu.ctc.pamahe.modules.taller.dto.request,RefaccionUpdateRequest,0,33,0,0,0,1,0,1,0,1
pamahe-backend,uy.edu.ctc.pamahe.modules.costos.dto.response,CostoVehiculoResponse,0,24,0,0,0,1,0,1,0,1
pamahe-backend,uy.edu.ctc.pamahe.modules.clientes.dto.request,ClienteRequest,0,27,0,0,0,1,0,1,0,1
pamahe-backend,uy.edu.ctc.pamahe.modules.catalogo.controller,CatalogoController,10,31,0,0,3,6,1,3,1,3
pamahe-backend,uy.edu.ctc.pamahe.modules.compras.dto.response,CompraResponse,0,36,0,0,0,1,0,1,0,1
pamahe-backend,uy.edu.ctc.pamahe.modules.compras.dto.response,CompraRegistroResponse,0,27,0,0,0,1,0,1,0,1
pamahe-backend,uy.edu.ctc.pamahe.modules.taller.model,Refaccion,0,126,0,0,0,50,0,30,0,30
pamahe-backend,uy.edu.ctc.pamahe.modules.taller.model,EstadoTarea,0,27,0,0,0,5,0,1,0,1
pamahe-backend,uy.edu.ctc.pamahe.modules.taller.model,TipoTrabajo,0,51,0,0,0,9,0,1,0,1
pamahe-backend,uy.edu.ctc.pamahe.modules.clientes.mapper,ClienteMapper,0,24,0,0,0,11,0,1,0,1
pamahe-backend,uy.edu.ctc.pamahe.modules.vehiculos.model,Vehiculo,0,114,0,0,0,48,0,29,0,29
pamahe-backend,uy.edu.ctc.pamahe.modules.vehiculos.model,EstadoVehiculo,0,39,0,0,0,7,0,1,0,1
pamahe-backend,uy.edu.ctc.pamahe.modules.ventas.dto.request,VentaRequest,0,18,0,0,0,1,0,1,0,1
pamahe-backend,uy.edu.ctc.pamahe.modules.chatbot.dto.response,ChatbotResponse,12,0,0,0,1,0,1,0,1,0
pamahe-backend,uy.edu.ctc.pamahe.modules.auditoria.dto.response,AuditoriaResponse,0,30,0,0,0,1,0,1,0,1
pamahe-backend,uy.edu.ctc.pamahe.modules.vehiculos.dto.response.historial,RefaccionHistorialComercialResponse,0,18,0,0,0,1,0,1,0,1
pamahe-backend,uy.edu.ctc.pamahe.modules.vehiculos.dto.response.historial,HistorialEventoVehiculoResponse,0,21,0,0,0,1,0,1,0,1
pamahe-backend,uy.edu.ctc.pamahe.modules.vehiculos.dto.response.historial,CompraHistorialComercialResponse,0,15,0,0,0,1,0,1,0,1
pamahe-backend,uy.edu.ctc.pamahe.modules.vehiculos.dto.response.historial,VehiculoHistorialGerencialResponse,0,21,0,0,0,1,0,1,0,1
pamahe-backend,uy.edu.ctc.pamahe.modules.vehiculos.dto.response.historial,VehiculoHistorialComercialResponse,0,21,0,0,0,1,0,1,0,1
pamahe-backend,uy.edu.ctc.pamahe.modules.vehiculos.dto.response.historial,VehiculoHistorialTallerResponse,0,21,0,0,0,1,0,1,0,1
pamahe-backend,uy.edu.ctc.pamahe.modules.ventas.service,VentaComprobanteService.ComprobanteVentaSnapshot,0,27,0,0,0,1,0,1,0,1
pamahe-backend,uy.edu.ctc.pamahe.modules.ventas.service,VentaService,0,517,4,34,0,140,4,37,0,22
pamahe-backend,uy.edu.ctc.pamahe.modules.ventas.service,VentaComprobanteService,23,249,9,17,5,69,10,14,1,10
pamahe-backend,uy.edu.ctc.pamahe,PamaheApplication,5,3,0,0,2,1,1,1,1,1
pamahe-backend,uy.edu.ctc.pamahe.modules.auth.service,LoginAttemptService.AttemptState,0,6,0,0,0,3,0,1,0,1
pamahe-backend,uy.edu.ctc.pamahe.modules.auth.service,AuthService,134,54,4,4,28,16,6,5,4,3
pamahe-backend,uy.edu.ctc.pamahe.modules.auth.service,CustomUserDetailsService,34,16,2,0,8,5,2,3,1,3
pamahe-backend,uy.edu.ctc.pamahe.modules.auth.service,LoginAttemptService,34,198,11,13,9,41,9,14,0,11
pamahe-backend,uy.edu.ctc.pamahe.modules.auditoria.controller,AuditoriaController,26,6,0,0,4,3,2,1,2,1
pamahe-backend,uy.edu.ctc.pamahe.modules.taller.idempotency,RefaccionOperacionOffline,9,21,0,0,3,9,3,6,3,6
pamahe-backend,uy.edu.ctc.pamahe.modules.usuarios.mapper,UsuarioMapper,0,29,0,0,0,9,0,2,0,2
pamahe-backend,uy.edu.ctc.pamahe.modules.usuarios.dto.request,UsuarioUpdateRequest,18,0,0,0,1,0,1,0,1,0
pamahe-backend,uy.edu.ctc.pamahe.modules.usuarios.dto.request,RestablecerPasswordRequest,6,0,0,0,1,0,1,0,1,0
pamahe-backend,uy.edu.ctc.pamahe.modules.usuarios.dto.request,UsuarioRequest,0,21,0,0,0,1,0,1,0,1
pamahe-backend,uy.edu.ctc.pamahe.modules.roles.model,Rol,7,10,0,0,3,4,2,3,2,3
pamahe-backend,uy.edu.ctc.pamahe.security.filter,JwtAuthenticationFilter,57,60,7,3,12,18,4,3,0,2
pamahe-backend,uy.edu.ctc.pamahe.security.filter,PasswordRotationFilter,14,83,9,17,3,19,9,7,0,3
pamahe-backend,uy.edu.ctc.pamahe.modules.auth.dto.request,LoginRequest,9,0,0,0,1,0,1,0,1,0
pamahe-backend,uy.edu.ctc.pamahe.modules.auth.dto.request,CambiarPasswordRequest,9,0,0,0,1,0,1,0,1,0
pamahe-backend,uy.edu.ctc.pamahe.modules.parametros.dto.response,ParametroResponse,0,21,0,0,0,1,0,1,0,1
pamahe-backend,uy.edu.ctc.pamahe.modules.parametros.dto.request,ParametroRequest,0,15,0,0,0,1,0,1,0,1
pamahe-backend,uy.edu.ctc.pamahe.modules.roles.dto.response,RolResponse,15,0,0,0,1,0,1,0,1,0
pamahe-backend,uy.edu.ctc.pamahe.modules.vehiculos.service,VehiculoService,23,1428,13,149,4,294,13,125,1,56
pamahe-backend,uy.edu.ctc.pamahe.security.exception,JwtAuthenticationException,0,11,0,0,0,4,0,2,0,2
pamahe-backend,uy.edu.ctc.pamahe.modules.auditoria.service,AuditoriaService,9,256,5,27,1,56,5,22,0,11
pamahe-backend,uy.edu.ctc.pamahe.modules.ventas.dto.response,VentaResponse,0,48,0,0,0,1,0,1,0,1
pamahe-backend,uy.edu.ctc.pamahe.modules.ventas.dto.response,VentaDetalleGerencialResponse,0,63,0,0,0,1,0,1,0,1
pamahe-backend,uy.edu.ctc.pamahe.modules.clientes.service,ClienteService,26,340,12,28,6,87,12,25,0,17
pamahe-backend,uy.edu.ctc.pamahe.common.model,BaseEntity,7,28,0,0,3,12,2,7,2,7
pamahe-backend,uy.edu.ctc.pamahe.common.performance,VentaTiming,73,12,1,1,15,4,7,2,6,2
pamahe-backend,uy.edu.ctc.pamahe.modules.auth.controller,AuthController,48,15,0,0,9,5,4,2,4,2
pamahe-backend,uy.edu.ctc.pamahe.modules.roles.controller,RolController,24,6,0,0,4,3,2,1,2,1
pamahe-backend,uy.edu.ctc.pamahe.modules.catalogo.dto.response,CatalogoVehiculoResponse,0,42,0,0,0,1,0,1,0,1
pamahe-backend,uy.edu.ctc.pamahe.modules.vehiculos.mapper,VehiculoMapper,15,99,0,0,3,45,3,3,3,3
pamahe-backend,uy.edu.ctc.pamahe.security.jwt,JwtService,1,149,7,11,0,37,7,10,0,8
pamahe-backend,uy.edu.ctc.pamahe.modules.chatbot.service,ChatbotService,820,10,68,0,120,4,51,2,10,2
pamahe-backend,uy.edu.ctc.pamahe.modules.taller.controller,RefaccionController,37,6,2,0,8,3,5,1,4,1
pamahe-backend,uy.edu.ctc.pamahe.modules.vehiculos.controller,VehiculoController,53,40,0,0,8,7,7,3,7,3
pamahe-backend,uy.edu.ctc.pamahe.modules.usuarios.service,UsuarioService,185,199,17,9,36,42,18,14,6,13
pamahe-backend,uy.edu.ctc.pamahe.modules.usuarios.service,UsuarioActualService,10,44,1,1,1,13,2,4,1,4
pamahe-backend,uy.edu.ctc.pamahe.modules.imagenes.service,FileStorageService.StoredImage,0,9,0,0,0,1,0,1,0,1
pamahe-backend,uy.edu.ctc.pamahe.modules.imagenes.service,FileStorageService,83,551,38,64,13,112,30,35,0,14
pamahe-backend,uy.edu.ctc.pamahe.modules.imagenes.service,ImagenVehiculoService,4,334,3,15,1,67,3,15,0,9
pamahe-backend,uy.edu.ctc.pamahe.modules.imagenes.service,FileStorageService.OutputFormat,0,35,0,0,0,8,0,2,0,2
pamahe-backend,uy.edu.ctc.pamahe.modules.imagenes.service,FileStorageService.StoredResource,0,12,0,0,0,1,0,1,0,1
pamahe-backend,uy.edu.ctc.pamahe.modules.imagenes.service,FileStorageService.new TransactionSynchronization() {...},0,15,0,0,0,3,0,2,0,2
pamahe-backend,uy.edu.ctc.pamahe.modules.imagenes.service,FileStorageService.new TransactionSynchronization() {...},0,18,0,2,0,4,0,3,0,2
pamahe-backend,uy.edu.ctc.pamahe.modules.imagenes.service,FileStorageService.new TransactionSynchronization() {...},1,42,2,2,1,6,2,2,0,2
pamahe-backend,uy.edu.ctc.pamahe.modules.imagenes.service,FileStorageService.DetectedFormat,0,21,0,0,0,1,0,1,0,1
pamahe-backend,uy.edu.ctc.pamahe.modules.clientes.model,Cliente,0,59,0,0,0,25,0,17,0,17
pamahe-backend,uy.edu.ctc.pamahe.modules.clientes.model,TipoCliente,0,21,0,0,0,4,0,1,0,1
pamahe-backend,uy.edu.ctc.pamahe.modules.compras.mapper,CompraMapper,4,67,2,6,0,15,2,3,0,1
pamahe-backend,uy.edu.ctc.pamahe.modules.taller.service,RefaccionService,39,919,27,91,3,200,28,64,2,31
pamahe-backend,uy.edu.ctc.pamahe.modules.costos.controller,CostoController,7,6,0,0,1,1,1,1,1,1
pamahe-backend,uy.edu.ctc.pamahe.modules.costos.service,CostoService,0,126,0,0,0,36,0,7,0,7
pamahe-backend,uy.edu.ctc.pamahe.modules.costos.service,CostoService.CostoSnapshot,0,12,0,0,0,1,0,1,0,1
pamahe-backend,uy.edu.ctc.pamahe.common.exception,BusinessException,0,4,0,0,0,2,0,1,0,1
pamahe-backend,uy.edu.ctc.pamahe.common.exception,GlobalExceptionHandler,163,166,6,4,25,20,15,11,11,10
pamahe-backend,uy.edu.ctc.pamahe.common.exception,RateLimitExceededException,3,9,0,0,1,3,1,1,1,1
pamahe-backend,uy.edu.ctc.pamahe.common.exception,ResourceNotFoundException,0,4,0,0,0,2,0,1,0,1
pamahe-backend,uy.edu.ctc.pamahe.common.exception,IdempotencyConflictException,0,4,0,0,0,2,0,1,0,1
pamahe-backend,uy.edu.ctc.pamahe.security.handler,SecurityErrorWriter,3,68,2,2,1,14,2,3,0,3
pamahe-backend,uy.edu.ctc.pamahe.security.handler,RestAuthenticationEntryPoint,0,33,0,2,0,10,0,3,0,2
pamahe-backend,uy.edu.ctc.pamahe.security.handler,RestAccessDeniedHandler,0,17,0,0,0,6,0,2,0,2
pamahe-backend,uy.edu.ctc.pamahe.modules.vehiculos.dto.response,VehiculoComercialResponse,0,48,0,0,0,1,0,1,0,1
pamahe-backend,uy.edu.ctc.pamahe.modules.vehiculos.dto.response,VehiculoResponse,0,54,0,0,0,1,0,1,0,1
pamahe-backend,uy.edu.ctc.pamahe.modules.vehiculos.dto.response,VehiculoTallerResponse,0,42,0,0,0,1,0,1,0,1
pamahe-backend,uy.edu.ctc.pamahe.common.config,StorageLayoutInitializer,121,91,14,2,31,20,11,5,3,5
pamahe-backend,uy.edu.ctc.pamahe.common.config,WebConfig,0,96,0,0,0,12,0,3,0,3
pamahe-backend,uy.edu.ctc.pamahe.common.config,AsyncConfig,0,23,0,0,0,8,0,2,0,2
pamahe-backend,uy.edu.ctc.pamahe.common.config,ProductionConfigurationValidator,32,238,17,41,6,56,17,21,0,9
pamahe-backend,uy.edu.ctc.pamahe.common.config,AdminBootstrapService,20,118,6,12,3,29,7,9,1,6
pamahe-backend,uy.edu.ctc.pamahe.modules.ventas.event,VentaComprobanteSolicitadoEvent,0,6,0,0,0,1,0,1,0,1
pamahe-backend,uy.edu.ctc.pamahe.modules.ventas.event,VentaComprobanteListener,8,107,1,3,4,33,1,6,0,5
pamahe-backend,uy.edu.ctc.pamahe.modules.imagenes.controller,ImagenVehiculoController,63,6,0,0,15,3,5,1,5,1
pamahe-backend,uy.edu.ctc.pamahe.modules.auth.dto.response,AuthMeResponse,18,0,0,0,1,0,1,0,1,0
pamahe-backend,uy.edu.ctc.pamahe.modules.auth.dto.response,AuthSessionPolicyResponse,0,12,0,0,0,1,0,1,0,1
pamahe-backend,uy.edu.ctc.pamahe.modules.auth.dto.response,AuditoriaResponse,30,0,0,0,1,0,1,0,1,0
pamahe-backend,uy.edu.ctc.pamahe.modules.auth.dto.response,LoginResponse,18,0,0,0,1,0,1,0,1,0
pamahe-backend,uy.edu.ctc.pamahe.modules.compras.controller,CompraController,49,18,0,0,11,5,4,2,4,2
pamahe-backend,uy.edu.ctc.pamahe.modules.catalogo.service,CatalogoService,210,224,30,20,48,60,29,19,9,14
pamahe-backend,uy.edu.ctc.pamahe.common.response,ApiResponse,7,19,0,0,1,2,1,2,1,2
pamahe-backend,uy.edu.ctc.pamahe.common.response,PageResponse,0,46,0,0,0,9,0,2,0,2
pamahe-backend,uy.edu.ctc.pamahe.common.response,ApiErrorResponse,0,35,0,0,0,2,0,2,0,2
pamahe-backend,uy.edu.ctc.pamahe.modules.usuarios.model,Usuario,0,61,0,0,0,25,0,15,0,15
pamahe-backend,uy.edu.ctc.pamahe.modules.ventas.job,VentaComprobanteReconciliacionJob,3,48,0,2,2,15,1,5,1,4
pamahe-backend,uy.edu.ctc.pamahe.modules.reportes.service,ReporteService.Periodo,0,9,0,0,0,1,0,1,0,1
pamahe-backend,uy.edu.ctc.pamahe.modules.reportes.service,ReporteService.EstadoHistoricoVehiculo,0,9,0,0,0,1,0,1,0,1
pamahe-backend,uy.edu.ctc.pamahe.modules.reportes.service,ReporteService,67,816,21,25,10,217,24,32,7,26
pamahe-backend,uy.edu.ctc.pamahe.modules.exportaciones.service,CsvExportService,334,354,2,16,18,47,8,18,7,10
pamahe-backend,uy.edu.ctc.pamahe.modules.exportaciones.service,CsvExportService.Periodo,0,9,0,0,0,1,0,1,0,1
pamahe-backend,uy.edu.ctc.pamahe.modules.imagenes.mapper,ImagenVehiculoMapper,0,25,0,2,0,7,0,2,0,1
pamahe-backend,uy.edu.ctc.pamahe.modules.ventas.model,EstadoComprobanteVenta,0,21,0,0,0,4,0,1,0,1
pamahe-backend,uy.edu.ctc.pamahe.modules.ventas.model,Venta,0,122,0,0,0,52,0,33,0,33
pamahe-backend,uy.edu.ctc.pamahe.modules.chatbot.controller,ChatbotController,9,6,0,0,2,3,1,1,1,1
pamahe-backend,uy.edu.ctc.pamahe.modules.vehiculos.dto.request,CambiarEstadoVehiculoRequest,0,9,0,0,0,1,0,1,0,1
pamahe-backend,uy.edu.ctc.pamahe.modules.vehiculos.dto.request,CambiarPublicacionVehiculoRequest,0,6,0,0,0,1,0,1,0,1
pamahe-backend,uy.edu.ctc.pamahe.modules.vehiculos.dto.request,VehiculoRequest,0,36,0,0,0,1,0,1,0,1
pamahe-backend,uy.edu.ctc.pamahe.modules.clientes.controller,ClienteController,36,16,0,0,6,4,5,2,5,2
pamahe-backend,uy.edu.ctc.pamahe.modules.reportes.dto.response,ReporteVentasResponse,0,24,0,0,0,1,0,1,0,1
pamahe-backend,uy.edu.ctc.pamahe.modules.reportes.dto.response,ReporteRentabilidadResponse,0,27,0,0,0,1,0,1,0,1
pamahe-backend,uy.edu.ctc.pamahe.modules.reportes.dto.response,ReporteStockResponse,0,27,0,0,0,1,0,1,0,1
pamahe-backend,uy.edu.ctc.pamahe.modules.reportes.dto.response,ReporteCompraItemResponse,0,18,0,0,0,1,0,1,0,1
pamahe-backend,uy.edu.ctc.pamahe.modules.reportes.dto.response,ReporteRefaccionesResponse,0,27,0,0,0,1,0,1,0,1
pamahe-backend,uy.edu.ctc.pamahe.modules.reportes.dto.response,ReporteVentaItemResponse,0,24,0,0,0,1,0,1,0,1
pamahe-backend,uy.edu.ctc.pamahe.modules.reportes.dto.response,DashboardResponse,0,48,0,0,0,1,0,1,0,1
pamahe-backend,uy.edu.ctc.pamahe.modules.reportes.dto.response,ReporteVehiculoStockItemResponse,0,30,0,0,0,1,0,1,0,1
pamahe-backend,uy.edu.ctc.pamahe.modules.reportes.dto.response,ReporteComprasResponse,0,18,0,0,0,1,0,1,0,1
pamahe-backend,uy.edu.ctc.pamahe.modules.reportes.dto.response,ReporteRefaccionItemResponse,0,33,0,0,0,1,0,1,0,1
pamahe-backend,uy.edu.ctc.pamahe.modules.reportes.controller,ReporteController,56,6,0,0,7,3,7,1,7,1
pamahe-backend,uy.edu.ctc.pamahe.modules.chatbot.dto.request,ChatbotRequest,6,0,0,0,1,0,1,0,1,0
pamahe-backend,uy.edu.ctc.pamahe.modules.imagenes.dto.request,ActualizarVisibilidadImagenRequest,0,9,0,0,0,1,0,1,0,1
pamahe-backend,uy.edu.ctc.pamahe.modules.parametros.controller,ParametroController,36,6,0,0,7,3,5,1,5,1
pamahe-backend,uy.edu.ctc.pamahe.modules.imagenes.dto.response,ImagenVehiculoResponse,0,21,0,0,0,1,0,1,0,1
pamahe-backend,uy.edu.ctc.pamahe.modules.chatbot.model,ChatbotIntent,99,0,0,0,17,0,1,0,1,0
pamahe-backend,uy.edu.ctc.pamahe.modules.auditoria.model,Auditoria,0,52,0,0,0,22,0,15,0,15
pamahe-backend,uy.edu.ctc.pamahe.modules.compras.dto.request,CompraRequest,0,18,0,0,0,1,0,1,0,1
pamahe-backend,uy.edu.ctc.pamahe.modules.usuarios.controller,UsuarioController,48,6,0,0,9,3,6,1,6,1
pamahe-backend,uy.edu.ctc.pamahe.modules.clientes.dto.response,ClienteResponse,0,33,0,0,0,1,0,1,0,1
pamahe-backend,uy.edu.ctc.pamahe.modules.taller.dto.response,RefaccionResponse,0,60,0,0,0,1,0,1,0,1
pamahe-backend,uy.edu.ctc.pamahe.modules.imagenes.model,ImagenVehiculo,4,70,4,4,1,23,4,13,0,13
pamahe-backend,uy.edu.ctc.pamahe.modules.compras.service,CompraService,11,461,3,31,2,128,3,40,0,26
pamahe-backend,uy.edu.ctc.pamahe.modules.usuarios.dto.response,UsuarioResponse,0,27,0,0,0,1,0,1,0,1
